{"cameraMode":{"drawMode":0,"name":"Shaded","section":"Shading Mode"},"sceneLighting":false,"audioPlay":false,"sceneViewState":{"m_AlwaysRefresh":false,"showFog":true,"showSkybox":false,"showFlares":true,"showImageEffects":true,"showParticleSystems":true,"showVisualEffectGraphs":true,"m_FxEnabled":true},"in2DMode":false,"pivot":{"x":-30.10699462890625,"y":2.3543407917022707,"z":-28.836597442626954},"rotation":{"x":0.0014972278149798513,"y":0.997787594795227,"z":0.06945653259754181,"w":-0.019963692873716356},"size":2.1662604808807375,"orthographic":false}