{"cameraMode":{"drawMode":0,"name":"Shaded","section":"Shading Mode"},"sceneLighting":false,"audioPlay":false,"sceneViewState":{"m_AlwaysRefresh":false,"showFog":true,"showSkybox":false,"showFlares":true,"showImageEffects":true,"showParticleSystems":true,"showVisualEffectGraphs":true,"m_FxEnabled":true},"in2DMode":false,"pivot":{"x":-26.154067993164064,"y":-15.901664733886719,"z":-9.663652420043946},"rotation":{"x":-0.0005518213729374111,"y":0.9993836879730225,"z":0.0419987253844738,"w":0.00880911760032177},"size":1.2257360219955445,"orthographic":false}