{"cameraMode":{"drawMode":0,"name":"Shaded","section":"Shading Mode"},"sceneLighting":false,"audioPlay":false,"sceneViewState":{"m_AlwaysRefresh":false,"showFog":true,"showSkybox":false,"showFlares":true,"showImageEffects":true,"showParticleSystems":true,"showVisualEffectGraphs":true,"m_FxEnabled":true},"in2DMode":false,"pivot":{"x":-1.8563439846038819,"y":0.8720343708992004,"z":-7.741358757019043},"rotation":{"x":-0.005389527417719364,"y":-0.9918293356895447,"z":-0.04385017603635788,"w":0.12070725858211518},"size":4.993555545806885,"orthographic":false}