{"cameraMode":{"drawMode":0,"name":"Shaded","section":"Shading Mode"},"sceneLighting":false,"audioPlay":false,"sceneViewState":{"m_AlwaysRefresh":false,"showFog":true,"showSkybox":false,"showFlares":true,"showImageEffects":true,"showParticleSystems":true,"showVisualEffectGraphs":true,"m_FxEnabled":true},"in2DMode":false,"pivot":{"x":12.545516967773438,"y":21.031118392944337,"z":-61.21186065673828},"rotation":{"x":0.003769470611587167,"y":0.9473764896392822,"z":-0.06158784404397011,"w":-0.32316890358924868},"size":2.3759045600891115,"orthographic":true}