{"cameraMode":{"drawMode":0,"name":"Shaded","section":"Shading Mode"},"sceneLighting":false,"audioPlay":false,"sceneViewState":{"m_AlwaysRefresh":false,"showFog":true,"showSkybox":false,"showFlares":true,"showImageEffects":true,"showParticleSystems":true,"showVisualEffectGraphs":true,"m_FxEnabled":true},"in2DMode":false,"pivot":{"x":4.773277759552002,"y":2.134046792984009,"z":2.3275704383850099},"rotation":{"x":-0.045067496597766879,"y":0.5958806276321411,"z":0.03351408988237381,"w":0.8011729717254639},"size":3.9044246673583986,"orthographic":false}