{"cameraMode":{"drawMode":0,"name":"Shaded","section":"Shading Mode"},"sceneLighting":false,"audioPlay":false,"sceneViewState":{"m_AlwaysRefresh":false,"showFog":true,"showSkybox":false,"showFlares":true,"showImageEffects":true,"showParticleSystems":true,"showVisualEffectGraphs":true,"m_FxEnabled":true},"in2DMode":false,"pivot":{"x":0.33730176091194155,"y":0.130513995885849,"z":0.17481939494609834},"rotation":{"x":0.0032273810356855394,"y":0.9955930709838867,"z":-0.0383693128824234,"w":0.08980055898427963},"size":1.050081729888916,"orthographic":false}