{"cameraMode":{"drawMode":0,"name":"Shaded","section":"Shading Mode"},"sceneLighting":false,"audioPlay":false,"sceneViewState":{"m_AlwaysRefresh":false,"showFog":true,"showSkybox":false,"showFlares":true,"showImageEffects":true,"showParticleSystems":true,"showVisualEffectGraphs":true,"m_FxEnabled":true},"in2DMode":false,"pivot":{"x":1.8677300214767457,"y":-0.3388008773326874,"z":-2.8227920532226564},"rotation":{"x":0.006680055055767298,"y":0.9811632037162781,"z":-0.19054153561592103,"w":0.03465835005044937},"size":4.63054084777832,"orthographic":false}