{"cameraMode":{"drawMode":0,"name":"Shaded","section":"Shading Mode"},"sceneLighting":false,"audioPlay":false,"sceneViewState":{"m_AlwaysRefresh":false,"showFog":true,"showSkybox":false,"showFlares":true,"showImageEffects":true,"showParticleSystems":true,"showVisualEffectGraphs":true,"m_FxEnabled":true},"in2DMode":false,"pivot":{"x":10.056395530700684,"y":19.666004180908204,"z":13.236525535583496},"rotation":{"x":-0.07371494174003601,"y":0.27660492062568667,"z":-0.021337537094950677,"w":-0.9579958319664002},"size":54.922569274902347,"orthographic":false}