{"cameraMode":{"drawMode":0,"name":"Shaded","section":"Shading Mode"},"sceneLighting":false,"audioPlay":false,"sceneViewState":{"m_AlwaysRefresh":false,"showFog":true,"showSkybox":false,"showFlares":true,"showImageEffects":true,"showParticleSystems":true,"showVisualEffectGraphs":true,"m_FxEnabled":true},"in2DMode":false,"pivot":{"x":-0.0881718099117279,"y":-0.013058045879006386,"z":-9.72344970703125},"rotation":{"x":-0.00002966889223898761,"y":-1.0001295804977418,"z":0.0038114162161946298,"w":0.0021087066270411016},"size":5.675420761108398,"orthographic":false}