{"cameraMode":{"drawMode":0,"name":"Shaded","section":"Shading Mode"},"sceneLighting":false,"audioPlay":false,"sceneViewState":{"m_AlwaysRefresh":false,"showFog":true,"showSkybox":false,"showFlares":true,"showImageEffects":true,"showParticleSystems":true,"showVisualEffectGraphs":true,"m_FxEnabled":true},"in2DMode":false,"pivot":{"x":7.626381874084473,"y":20.948043823242189,"z":-64.24217224121094},"rotation":{"x":-0.002829051809385419,"y":-0.9969809651374817,"z":0.038700930774211887,"w":-0.0687827467918396},"size":15.054769515991211,"orthographic":false}