{"cameraMode":{"drawMode":0,"name":"Shaded","section":"Shading Mode"},"sceneLighting":false,"audioPlay":false,"sceneViewState":{"m_AlwaysRefresh":false,"showFog":true,"showSkybox":false,"showFlares":true,"showImageEffects":true,"showParticleSystems":true,"showVisualEffectGraphs":true,"m_FxEnabled":true},"in2DMode":false,"pivot":{"x":-29.78145980834961,"y":0.6941521763801575,"z":-29.215517044067384},"rotation":{"x":0.010567093268036843,"y":0.981144905090332,"z":-0.1871630698442459,"w":0.054977092891931537},"size":1.0500812530517579,"orthographic":false}