{"cameraMode":{"drawMode":0,"name":"Shaded","section":"Shading Mode"},"sceneLighting":true,"audioPlay":false,"sceneViewState":{"m_AlwaysRefresh":false,"showFog":true,"showSkybox":true,"showFlares":true,"showImageEffects":true,"showParticleSystems":true,"showVisualEffectGraphs":true,"m_FxEnabled":true},"in2DMode":false,"pivot":{"x":11.210030555725098,"y":-2.2928860187530519,"z":-23.36202049255371},"rotation":{"x":0.34239915013313296,"y":-0.6416221261024475,"z":0.4413624703884125,"w":0.5302074551582336},"size":60.914710998535159,"orthographic":true}