{"cameraMode":{"drawMode":0,"name":"Shaded","section":"Shading Mode"},"sceneLighting":false,"audioPlay":false,"sceneViewState":{"m_AlwaysRefresh":false,"showFog":true,"showSkybox":false,"showFlares":true,"showImageEffects":true,"showParticleSystems":true,"showVisualEffectGraphs":true,"m_FxEnabled":true},"in2DMode":false,"pivot":{"x":-25.512954711914064,"y":0.5198028087615967,"z":-10.410134315490723},"rotation":{"x":-0.0008208171930164099,"y":0.9948710203170776,"z":-0.005947125144302845,"w":-0.10401906073093414},"size":1.0562195777893067,"orthographic":false}